City_ID,City,Lat,Lng,Max Temp,Humidity,Cloudiness,Wind Speed,Country,Date
0,concepcion,-36.827,-73.0498,283.04,81,0,4.63,CL,1720733085
1,georgetown,5.4112,100.3354,299.12,77,40,2.57,MY,1720733086
2,adamstown,-25.066,-130.1015,295.19,89,99,13.55,PN,1720732949
3,kodiak,57.79,-152.4072,284.88,94,100,4.12,US,1720733089
4,mar del plata,-38.0023,-57.5575,282.16,84,0,3.13,AR,1720733091
5,port mathurin,-19.6833,63.4167,296.22,73,61,11.25,MU,1720733092
6,kingston,17.997,-76.7936,303.68,74,75,8.75,JM,1720733094
7,lincoln park,42.2506,-83.1785,302.21,54,40,4.12,US,1720733095
8,puerto ayora,-0.7393,-90.3518,299.13,93,61,1.34,EC,1720733097
9,port-aux-francais,-49.35,70.2167,277.72,86,100,15.06,TF,1720733098
10,grytviken,-54.2811,-36.5092,267.48,81,19,5.86,GS,1720733101
11,boende,-0.2167,20.8667,298.75,71,100,1.51,CD,1720733102
12,dakhla,23.6848,-15.958,293.16,94,0,10.8,EH,1720733103
13,west island,-12.1568,96.8225,300.14,89,32,6.69,CC,1720733105
14,port lincoln,-34.7333,135.8667,284.0,86,9,4.03,AU,1720733106
15,cascais,38.6979,-9.4215,295.34,88,0,6.71,PT,1720733107
16,punta arenas,-53.15,-70.9167,279.21,81,40,11.32,CL,1720733109
17,wawa,9.9022,4.4192,297.72,81,78,1.36,NG,1720733111
18,ushuaia,-54.8,-68.3,278.96,81,75,13.89,AR,1720733112
19,tiksi,71.6872,128.8694,290.67,43,2,1.01,RU,1720733113
20,atafu village,-8.5421,-172.5159,301.46,75,10,6.61,TK,1720733115
21,waitangi,-43.9535,-176.5597,281.94,95,20,1.79,NZ,1720733116
22,puerto natales,-51.7236,-72.4875,282.4,61,75,9.77,CL,1720733117
23,fortuna,40.5982,-124.1573,292.58,77,0,7.2,US,1720733118
24,walvis bay,-22.9575,14.5053,286.53,87,0,0.51,NA,1720733120
25,mana,5.6592,-53.7767,300.43,84,24,5.93,GF,1720733121
26,aasiaat,68.7098,-52.8699,276.52,88,36,5.28,GL,1720733122
27,port elizabeth,-33.918,25.5701,287.77,96,20,2.24,ZA,1720733123
28,anadyr,64.75,177.4833,280.43,70,75,5.0,RU,1720733125
29,timbuktu,16.7735,-3.0074,311.04,21,100,1.01,ML,1720733126
30,jiangzi,28.95,89.6333,281.46,66,83,1.03,CN,1720733127
31,ola,59.5833,151.2833,289.97,59,1,1.74,RU,1720733128
32,minas de marcona,-15.2119,-75.1103,286.99,61,71,8.3,PE,1720733131
33,bethel,41.3712,-73.414,304.2,63,20,5.66,US,1720733132
34,bargaal,11.2864,51.0773,301.66,67,5,9.1,SO,1720733133
35,tocopilla,-22.092,-70.1979,288.62,61,0,3.46,CL,1720733135
36,yellowknife,62.456,-114.3525,290.05,50,75,7.2,CA,1720733104
37,enewetak,11.3474,162.3373,301.63,77,47,5.73,MH,1720733137
38,papatowai,-46.5619,169.4708,277.73,93,41,4.01,NZ,1720733138
39,pemangkat,1.1667,108.9667,298.71,81,94,2.82,ID,1720733139
40,port-vila,-17.7338,168.3219,296.93,94,75,2.06,VU,1720733141
41,edinburgh of the seven seas,-37.0676,-12.3116,282.82,52,14,5.62,SH,1720733142
42,hamilton,39.1834,-84.5333,304.86,53,20,2.57,US,1720733143
43,lebu,-37.6167,-73.65,282.75,69,0,3.41,CL,1720733144
44,olonkinbyen,70.9221,-8.7187,276.45,94,100,10.83,SJ,1720733146
45,colonia,50.9333,6.95,292.73,70,0,1.54,DE,1720733147
46,bouarfa,32.53,-1.95,305.85,9,4,3.33,MA,1720733148
47,hadibu,12.65,54.0333,299.26,81,44,8.11,YE,1720733149
48,shiguai,40.7058,110.2856,291.7,78,100,0.65,CN,1720733151
49,taunggyi,20.7833,97.0333,292.34,95,96,1.57,MM,1720733152
50,mocimboa,-11.3167,40.35,296.11,89,59,3.46,MZ,1720733153
51,naze,28.3667,129.4833,300.66,87,100,6.97,JP,1720733154
52,ciudad lazaro cardenas,17.9583,-102.2,298.79,87,100,2.71,MX,1720733156
53,margaret river,-33.95,115.0667,285.2,80,98,2.55,AU,1720733157
54,hermanus,-34.4187,19.2345,286.37,79,96,10.35,ZA,1720733158
55,bredasdorp,-34.5322,20.0403,284.35,76,100,4.74,ZA,1720733160
56,lompoc,34.6391,-120.4579,301.81,64,0,2.92,US,1720733161
57,stanley,54.868,-1.6985,284.16,87,0,1.03,GB,1720733162
58,bilibino,68.0546,166.4372,284.97,33,2,2.18,RU,1720733163
59,talnakh,69.4865,88.3972,290.73,84,53,0.95,RU,1720733165
60,pisco,-13.7,-76.2167,292.18,63,0,4.12,PE,1720733166
61,dul'durga,50.6761,113.5931,290.51,87,93,1.76,RU,1720733167
62,kalymnos,36.95,26.9833,299.89,65,0,4.12,GR,1720733168
63,dudinka,69.4058,86.1778,289.71,91,95,3.31,RU,1720733170
64,amarillo,35.222,-101.8313,309.84,25,24,1.79,US,1720733171
65,bikenibeu village,1.3673,173.1241,303.13,79,75,1.54,KI,1720733172
66,sitka,57.0531,-135.33,288.09,67,100,7.72,US,1720732921
67,petropavlovsk-kamchatsky,53.0452,158.6483,285.48,100,100,2.0,RU,1720733174
68,gadzhiyevo,69.2551,33.3362,288.97,63,100,3.14,RU,1720733176
69,anna regina,7.2644,-58.5077,301.63,72,11,4.11,GY,1720733177
70,bengkulu,-3.8004,102.2655,296.45,90,53,1.93,ID,1720733178
71,tukrah,32.5341,20.5791,299.1,83,0,6.15,LY,1720733179
72,ixtapa,20.7,-105.2,303.83,66,40,4.12,MX,1720733181
73,san patricio,28.017,-97.5169,302.55,85,100,4.45,US,1720733182
74,tabuaco,41.0956,-7.5674,288.29,78,32,2.49,PT,1720733183
75,gomez farias,23.05,-99.15,300.51,65,86,2.35,MX,1720733184
76,puerto vallarta,20.6204,-105.2307,304.21,71,40,4.12,MX,1720732986
77,afaahiti,-17.75,-149.2833,299.08,82,91,1.71,PF,1720733187
78,college,64.8569,-147.8028,289.86,83,100,3.09,US,1720733188
79,fray luis beltran,-39.3167,-65.7667,279.99,44,0,1.57,AR,1720733189
80,yuzhno-kurilsk,44.0306,145.8556,286.95,99,100,2.04,RU,1720733190
81,raja,8.4596,25.678,294.87,88,100,1.8,SS,1720733192
82,lovrin,45.9681,20.7703,303.22,36,16,1.96,RO,1720733193
83,arraial do cabo,-22.9661,-42.0278,295.13,100,75,2.06,BR,1720733195
84,sturgeon bay,44.8342,-87.377,299.35,50,0,0.0,US,1720733197
85,raducaneni,46.95,27.9333,299.68,35,0,1.58,RO,1720733198
86,weining,26.85,104.2333,290.81,93,100,2.15,CN,1720733199
87,albany,42.6001,-73.9662,301.28,69,75,0.89,US,1720733200
88,mwinilunga,-11.7358,24.4293,285.99,32,15,0.79,ZM,1720733202
89,miracema do tocantins,-9.5618,-48.3967,305.35,27,13,2.56,BR,1720733203
90,jamestown,42.097,-79.2353,295.07,83,100,2.57,US,1720733204
91,avarua,-21.2078,-159.775,296.18,68,92,3.09,CK,1720733205
92,dire dawa,9.5931,41.8661,297.36,66,80,7.09,ET,1720733207
93,egilsstadir,65.2653,-14.3948,290.1,51,20,5.66,IS,1720733208
94,lata,40.1629,-8.3327,293.1,91,0,1.47,PT,1720733210
95,whitehorse,60.7161,-135.0538,292.58,32,75,3.6,CA,1720733212
96,utrik,11.2278,169.8474,301.07,80,99,7.9,MH,1720733213
97,mount isa,-20.7333,139.5,277.02,75,0,0.0,AU,1720733214
98,alice springs,-23.7,133.8833,285.9,76,100,2.57,AU,1720733216
99,pacific grove,36.6177,-121.9166,299.49,72,0,3.58,US,1720732965
100,nar'yan-mar,67.6713,53.087,281.09,87,99,2.53,RU,1720733218
101,iqaluit,63.7506,-68.5145,280.0,87,100,7.2,CA,1720733219
102,masterton,-40.9597,175.6575,280.43,82,100,3.5,NZ,1720733221
103,mount pearl,47.5166,-52.7813,294.51,84,75,3.09,CA,1720733223
104,iskateley,67.6803,53.1512,281.06,86,99,2.59,RU,1720733224
105,bakau,13.4781,-16.6819,299.23,89,75,2.06,GM,1720733227
106,tuzha,57.6062,47.936,285.85,83,1,3.76,RU,1720733228
107,guerrero negro,27.9769,-114.0611,299.95,59,26,5.9,MX,1720733229
108,tralee,52.2704,-9.7026,285.87,87,100,3.98,IE,1720733231
109,kimbe,-5.5502,150.1429,298.54,88,100,2.18,PG,1720733232
110,udachny,66.4167,112.4,295.64,47,78,0.81,RU,1720733233
111,el granada,37.5027,-122.4694,310.08,49,0,5.66,US,1720733234
112,troitskiy,57.0603,63.7481,289.15,97,55,1.53,RU,1720733235
113,luganville,-15.5333,167.1667,298.35,87,55,3.09,VU,1720733237
114,kashgar,39.4547,75.9797,296.71,35,20,2.0,CN,1720733238
115,thompson,55.7435,-97.8558,292.24,77,40,6.17,CA,1720733036
116,ketchikan,55.3422,-131.6461,288.41,67,100,5.14,US,1720733240
117,fort st. john,56.2499,-120.8529,294.09,26,40,10.8,CA,1720733215
118,longyearbyen,78.2186,15.6401,281.06,93,75,2.06,SJ,1720733243
119,guajara mirim,-10.7828,-65.3394,305.07,41,12,0.46,BR,1720733244
120,hawaiian paradise park,19.5933,-154.9731,302.44,62,100,1.79,US,1720733245
121,howrah,22.5892,88.3103,303.15,84,75,4.12,IN,1720733246
122,blackmans bay,-43.0167,147.3167,282.22,89,100,0.89,AU,1720733248
123,posse,-14.0931,-46.3694,298.93,26,0,3.05,BR,1720733249
124,galliano,29.4422,-90.2992,304.26,62,40,2.57,US,1720733250
125,ulladulla,-35.35,150.4667,281.83,63,100,1.86,AU,1720733251
126,sorong,-0.8833,131.25,297.95,90,100,6.28,ID,1720733253
127,as sars,36.0764,9.0212,300.61,37,0,1.76,TN,1720733254
128,nizhneangarsk,55.7833,109.55,289.15,75,43,1.33,RU,1720733255
129,st. john's,47.5649,-52.7093,294.97,84,75,3.09,CA,1720733192
130,klyuchi,52.2667,79.1667,293.83,66,4,2.62,RU,1720733258
131,nemuro,43.3236,145.575,286.82,97,100,2.81,JP,1720733259
132,ust-nera,64.5667,143.2,296.51,39,12,1.26,RU,1720733260
133,manismata,-2.4667,111.0333,294.47,99,37,1.2,ID,1720733261
134,invercargill,-46.4,168.35,273.16,97,2,0.45,NZ,1720733263
135,polyarnyy,69.1989,33.4478,288.84,62,100,3.39,RU,1720733004
136,cidreira,-30.1811,-50.2056,284.13,95,100,3.57,BR,1720733266
137,macusani,-14.0833,-70.4333,280.86,13,0,8.39,PE,1720733268
138,nadym,65.5333,72.5167,290.6,60,24,4.2,RU,1720733269
139,lihue,21.9789,-159.3672,300.92,72,40,8.75,US,1720733270
140,kununurra,-15.7667,128.7333,288.14,82,22,0.51,AU,1720733271
141,singaraja,-8.112,115.0882,297.5,79,94,2.55,ID,1720733273
142,island harbour,50.724,-1.2758,290.38,74,100,1.7,GB,1720733274
143,ozalp,38.6548,43.993,291.1,42,0,1.38,TR,1720733275
144,nikolayevsk-on-amure,53.1406,140.73,283.17,99,100,1.19,RU,1720733277
145,hasaki,35.7333,140.8333,297.37,90,100,1.4,JP,1720733278
146,rifle,39.5347,-107.7831,310.58,100,0,2.06,US,1720733279
147,brokopondo,4.75,-55.1667,302.18,74,86,0.17,SR,1720733281
148,diffa,13.3154,12.6113,304.4,47,44,3.33,NE,1720733282
149,chissamba,-12.1667,17.3333,286.93,17,6,1.17,AO,1720733283
150,kuanda,56.3161,116.0806,293.56,79,2,2.0,RU,1720733284
151,namibe,-15.1961,12.1522,290.44,80,29,1.01,AO,1720733286
152,dalandzadgad,43.5708,104.425,295.14,32,18,5.77,MN,1720733287
153,kourou,5.1552,-52.6478,302.18,83,65,4.1,GF,1720733288
154,taulaga,-11.0553,-171.0883,300.83,80,38,7.45,AS,1720733289
155,khulm,36.6974,67.6983,304.27,18,0,3.93,AF,1720733290
156,carnarvon,-24.8667,113.6333,288.45,57,6,8.0,AU,1720733292
157,westport,41.1415,-73.3579,304.11,62,0,7.2,US,1720733205
158,aykhal,66.0,111.5,294.53,46,83,1.5,RU,1720733295
159,coahuayana de hidalgo,18.7,-103.6583,300.07,87,100,1.23,MX,1720733297
160,boksitogorsk,59.474,33.8485,287.93,63,77,3.92,RU,1720733298
161,camana,-16.6228,-72.7111,288.97,79,49,4.87,PE,1720733299
162,hilo,19.7297,-155.09,302.56,62,100,1.79,US,1720733300
163,iranshahr,27.2025,60.6848,310.34,36,31,4.12,IR,1720733303
164,timaru,-44.4,171.25,276.07,87,12,2.54,NZ,1720733304
165,saint-francois,46.4154,3.9054,294.84,89,68,3.09,FR,1720733305
166,tolanaro,-25.0319,46.9987,293.19,73,0,7.2,MG,1720733306
167,pago pago,-14.2781,-170.7025,298.99,77,97,8.54,AS,1720733308
168,qaqortoq,60.7167,-46.0333,278.11,88,51,2.54,GL,1720733309
169,kapuskasing,49.4169,-82.4331,299.2,44,40,2.06,CA,1720733310
170,badger,64.8,-147.5333,289.81,81,100,3.09,US,1720733311
171,gaigeturi,33.4644,126.3183,295.18,94,75,0.51,KR,1720733313
172,hami,42.8,93.45,299.16,26,6,8.97,CN,1720733314
173,trondheim,63.4305,10.3951,287.18,87,38,0.45,NO,1720733315
174,weno,7.4515,151.8468,300.12,89,100,3.6,FM,1720733316
175,kailua-kona,19.6406,-155.9956,301.13,78,40,4.12,US,1720733193
176,bridlington,54.0831,-0.1919,286.49,85,85,1.79,GB,1720733319
177,chonchi,-42.6128,-73.8092,281.71,83,4,0.79,CL,1720733320
178,codrington,-38.2667,141.9667,278.48,96,5,4.26,AU,1720733321
179,ponta delgada,37.7333,-25.6667,294.55,78,40,3.6,PT,1720733322
180,onega,63.9061,38.1404,286.87,69,99,2.66,RU,1720733324
181,roma,43.2128,-75.4557,298.0,86,100,4.12,US,1720733325
182,banes,20.9625,-75.7186,304.24,61,0,6.14,CU,1720733326
183,mugia,43.1041,-9.2179,291.02,92,97,6.84,ES,1720733327
184,salinas,36.6777,-121.6555,308.49,56,0,7.2,US,1720733329
185,saipan,15.1355,145.701,302.54,84,75,3.09,MP,1720733330
186,tazovsky,67.4667,78.7,287.68,87,99,4.67,RU,1720733331
187,nobeoka,32.5833,131.6667,296.49,97,100,2.96,JP,1720733334
188,salalah,17.0151,54.0924,300.2,94,100,1.54,OM,1720733335
189,betio village,1.358,172.9211,303.17,74,100,2.94,KI,1720733336
190,timmins,48.4669,-81.3331,299.05,29,0,0.0,CA,1720733337
191,sheikhpura,25.15,85.85,299.86,89,100,5.89,IN,1720733339
192,argostolion,38.1811,20.489,300.07,61,5,0.62,GR,1720733340
193,east london,-33.0153,27.9116,292.91,47,39,2.82,ZA,1720733342
194,ekangala,-25.6962,28.7492,280.58,29,0,0.61,ZA,1720733343
195,lionel town,17.8101,-77.2406,304.09,69,64,4.48,JM,1720733344
196,tortoli,39.9256,9.6572,299.05,83,0,4.12,IT,1720733346
197,tokar,18.4254,37.729,307.6,29,20,2.19,SD,1720733347
198,wailua homesteads,22.0669,-159.378,300.59,75,40,8.75,US,1720733348
199,barranca,-10.75,-77.7667,291.38,71,20,5.25,PE,1720733349
200,mallemort,43.7317,5.1795,299.36,66,34,2.56,FR,1720733351
201,susuman,62.7833,148.1667,293.0,41,17,0.81,RU,1720733352
202,caleta de carquin,-11.0925,-77.6267,291.87,71,15,5.87,PE,1720733353
203,undurkhaan,47.3194,110.6556,290.52,75,6,1.97,MN,1720733354
204,bokoro,12.3807,17.0568,301.09,63,100,5.06,TD,1720733355
205,tofol,5.3248,163.0078,301.22,79,100,4.66,FM,1720733357
206,monte alegre de sergipe,-10.0272,-37.5622,294.8,72,100,4.49,BR,1720733358
207,sisimiut,66.9395,-53.6735,281.1,75,65,2.79,GL,1720733101
208,remire-montjoly,4.9167,-52.2667,302.17,79,0,2.06,GF,1720733360
209,labytnangi,66.6572,66.4183,283.78,89,98,4.33,RU,1720733362
210,savannakhet,16.566,104.751,297.65,91,55,4.42,LA,1720733363
211,minab,27.1467,57.0801,306.71,62,94,1.14,IR,1720733364
212,liwale,-9.7667,37.9333,292.73,62,67,0.09,TZ,1720733365
213,dabhol,17.6,73.1667,299.46,91,100,2.96,IN,1720733367
214,new norfolk,-42.7826,147.0587,282.87,85,100,0.66,AU,1720733368
215,lexington,37.9887,-84.4777,304.15,48,100,2.06,US,1720733245
216,kirksville,40.1948,-92.5833,301.38,62,40,1.67,US,1720733370
217,santa cruz,-17.8,-63.1667,283.18,100,100,5.66,BO,1720733371
218,williamston,35.8546,-77.0555,302.14,80,50,4.25,US,1720733374
219,inhambane,-23.865,35.3833,292.2,76,0,4.83,MZ,1720733375
220,marsa alam,25.0757,34.8918,306.42,37,39,1.25,EG,1720733376
221,nangomba,-10.9,38.5,294.71,72,55,1.62,TZ,1720733378
222,minggang,32.4586,114.0486,296.04,98,84,1.05,CN,1720733379
223,meadow lakes,61.6247,-149.6011,292.24,53,75,1.79,US,1720733380
224,margate,51.3813,1.3862,290.54,82,100,3.81,GB,1720733381
225,ondjiva,-17.0667,15.7333,286.71,12,0,2.39,AO,1720733383
226,lae,-6.7221,146.9847,296.52,81,100,2.74,PG,1720733384
227,happy valley-goose bay,53.3168,-60.3315,296.32,31,20,2.57,CA,1720733385
228,rawson,-43.3002,-65.1023,280.53,47,0,5.54,AR,1720733386
229,vilyuchinsk,52.9306,158.4028,286.3,97,100,0.27,RU,1720733388
230,sudislavl',57.8817,41.7083,287.04,76,77,0.75,RU,1720733389
231,ust-tsilma,65.441,52.1498,279.64,93,23,1.88,RU,1720733390
232,coquimbo,-29.9533,-71.3436,286.0,59,0,4.63,CL,1720733143
233,tahoua,14.8888,5.2692,302.27,52,100,5.49,NE,1720733393
234,cururupu,-1.8283,-44.8683,298.54,81,20,1.35,BR,1720733394
235,halifax,44.6453,-63.5724,294.53,92,100,9.26,CA,1720733395
236,jinka,5.65,36.65,293.91,63,99,0.81,ET,1720733396
237,jaithari,23.2333,78.6167,300.45,82,100,6.61,IN,1720733398
238,ceeldheer,3.8488,47.1806,297.33,84,78,8.66,SO,1720733399
239,buala,-8.145,159.5921,300.28,78,83,0.87,SB,1720733400
240,saint-pierre,-21.3393,55.4781,292.97,68,0,4.63,RE,1720733401
241,bamboo flat,11.7,92.7167,300.43,80,100,6.07,IN,1720733403
242,plymstock,50.36,-4.0905,287.74,86,33,1.34,GB,1720733404
243,lazaro cardenas,17.9583,-102.2,299.08,84,100,2.48,MX,1720733406
244,al wafrah,28.6392,47.9306,311.27,14,1,4.38,KW,1720733407
245,north ward,-19.2454,146.8075,289.1,94,20,0.51,AU,1720733408
246,port alfred,-33.5906,26.891,289.09,82,32,0.66,ZA,1720733410
247,jalai nur,49.45,117.7,291.61,81,90,4.27,CN,1720733411
248,uturoa,-16.7333,-151.4333,298.27,82,84,5.54,PF,1720733412
249,roberval,48.5168,-72.2324,299.4,65,75,0.0,CA,1720733413
250,tazacorte,28.629,-17.9293,296.01,92,75,7.2,ES,1720733415
251,okahandja,-21.9833,16.9167,283.91,26,0,0.65,NA,1720733416
252,beloyarskiy,63.7119,66.6722,284.79,75,5,2.95,RU,1720733417
253,montagu,-40.7667,144.9667,282.45,83,4,2.3,AU,1720733418
254,ad dabbah,18.05,30.95,309.34,29,100,2.13,SD,1720733420
255,alta,69.9689,23.2717,288.74,83,75,3.09,NO,1720733421
256,rikaze,29.25,88.8833,288.27,57,92,1.52,CN,1720733422
257,zag,46.9441,99.165,284.29,73,4,2.72,MN,1720733423
258,mhamid,29.82,-5.72,310.47,9,0,2.57,MA,1720733425
259,fort mcmurray,56.7268,-111.381,303.92,19,0,7.72,CA,1720733426
260,kassala,15.451,36.4,304.4,54,81,7.03,SD,1720733427
261,rasra,25.85,83.85,301.22,84,100,1.64,IN,1720733428
262,mandalgovi,45.7625,106.2708,291.96,63,100,3.15,MN,1720733429
263,esbjerg,55.4667,8.45,288.77,81,75,3.09,DK,1720733431
264,veraval,20.9,70.3667,301.54,85,100,8.79,IN,1720733432
265,tabou,4.423,-7.3528,297.51,83,97,4.94,CI,1720733433
266,murray bridge,-35.1167,139.2667,282.78,91,4,3.01,AU,1720733434
267,altay,47.8667,88.1167,287.14,51,0,2.89,CN,1720733436
268,grand rapids,42.9634,-85.6681,301.61,61,75,2.06,US,1720733437
269,mejit,10.2753,170.8646,301.27,77,71,8.08,MH,1720733438
270,isafjordur,66.0755,-23.124,282.56,93,100,2.95,IS,1720733439
271,soanindrariny,-19.9049,47.2352,277.19,72,36,1.27,MG,1720733441
272,ribeira grande,38.5167,-28.7,296.37,78,75,4.92,PT,1720733442
273,vernon,50.2581,-119.2691,308.31,18,0,1.54,CA,1720733361
274,hirara,24.8,125.2833,303.07,89,20,6.17,JP,1720733444
275,chibougamau,49.9168,-74.3659,298.94,31,0,1.54,CA,1720733446
276,fort bragg,35.139,-79.006,304.23,60,40,4.12,US,1720733447
277,vorgashor,67.5833,63.95,279.04,83,98,4.14,RU,1720733448
278,panaba,21.2833,-88.2667,302.67,78,74,5.81,MX,1720733450
279,vilyuysk,63.7553,121.6247,291.2,87,9,2.19,RU,1720733451
280,natore,24.4165,88.9826,298.7,97,100,4.12,BD,1720733452
281,kievka,50.2619,71.5514,291.39,56,6,4.67,KZ,1720733453
282,chegdomyn,51.1167,133.0167,285.42,90,99,0.71,RU,1720733455
283,labasa,-16.4167,179.3833,298.88,67,92,5.42,FJ,1720733456
284,cambria,35.5641,-121.0808,315.8,61,30,2.2,US,1720733457
285,barclayville,4.6797,-8.2339,297.23,84,93,3.46,LR,1720733458
286,south hedland,-20.4089,118.5983,294.11,56,13,4.63,AU,1720733460
287,sinabang,2.4803,96.3801,299.55,81,100,1.24,ID,1720733461
288,mossel bay,-34.1831,22.146,285.11,75,81,5.0,ZA,1720733462
289,sandpoint,48.2766,-116.5533,305.85,33,0,3.13,US,1720733404
290,nago,26.5881,127.9761,303.23,86,100,4.17,JP,1720733465
291,phan thiet,10.9333,108.1,298.11,91,100,4.17,VN,1720733466
292,aras-asan,8.8908,126.3033,298.14,87,70,2.0,PH,1720733468
293,geraldton,-28.7667,114.6,285.38,87,69,2.57,AU,1720733418
294,kupang,-10.1667,123.5833,293.47,94,20,0.51,ID,1720733471
295,tamanrasset,22.785,5.5228,307.1,10,40,3.09,DZ,1720733473
296,rinteln,52.186,9.0792,291.94,80,67,0.73,DE,1720733474
297,whangarei,-35.7317,174.3239,283.65,80,21,1.08,NZ,1720733476
298,constantia,44.1833,28.65,297.53,53,1,4.13,RO,1720733478
299,sao vicente,-23.9631,-46.3919,292.13,93,100,1.54,BR,1720733479
300,callaway,30.153,-85.5699,307.18,57,40,5.14,US,1720733480
301,sarmiento,-45.5882,-69.07,275.04,76,0,0.87,AR,1720733481
302,lichuan,30.3,108.85,292.93,99,99,1.17,CN,1720733482
303,zheshart,62.0731,49.5733,281.62,83,6,1.81,RU,1720733484
304,sihanoukville,10.6093,103.5296,298.12,94,75,1.03,KH,1720733485
305,abaza,52.655,90.0928,285.17,90,24,2.34,RU,1720733486
306,vilhena,-12.7406,-60.1458,302.27,51,0,3.6,BR,1720733487
307,axim,4.8699,-2.2405,297.64,87,99,4.48,GH,1720733489
308,al kut,32.5147,45.819,312.48,11,0,6.53,IQ,1720733490
309,komsomol'skiy,43.9783,46.6985,297.37,43,88,1.85,RU,1720733491
310,revda,56.801,59.9303,288.34,97,98,2.3,RU,1720733492
311,la sarre,48.8002,-79.1996,296.08,58,0,2.39,CA,1720733494
312,akureyri,65.6835,-18.0878,290.11,48,40,5.14,IS,1720733495
313,mahasamund,21.1,82.1,299.62,85,97,3.26,IN,1720733496
314,cadale,2.7603,46.3222,298.04,85,82,7.97,SO,1720733497
315,castelldefels,41.2779,1.9703,301.5,71,20,4.63,ES,1720733499
316,bonthe,7.5264,-12.505,297.43,91,57,3.07,SL,1720733500
317,yulinshi,38.2906,109.7494,296.61,65,58,1.18,CN,1720733502
318,baiyin,36.5583,104.2081,294.19,55,80,0.51,CN,1720733503
319,krasnyy chikoy,50.3643,108.7512,289.6,88,39,0.7,RU,1720733505
320,yakeshi,49.2833,120.7333,290.62,82,87,1.89,CN,1720733506
321,trairi,-3.2778,-39.2689,298.06,78,5,4.97,BR,1720733507
322,luderitz,-26.6481,15.1594,288.08,86,99,3.46,NA,1720733508
323,kyelang,32.5833,77.0333,279.54,91,4,1.8,IN,1720733510
324,khonsa,27.0167,95.5667,296.65,94,91,1.23,IN,1720733511
325,westwood,42.214,-71.2245,305.02,62,0,8.05,US,1720733512
326,katsuren-haebaru,26.3369,127.8719,303.2,85,40,5.14,JP,1720733513
327,tianfu,37.1936,122.0511,295.48,79,2,0.99,CN,1720733515
328,funafuti,-8.5243,179.1942,304.15,79,40,2.06,TV,1720733516
329,ilulissat,69.2167,-51.1,279.16,87,75,3.09,GL,1720733517
330,isla mujeres,21.2311,-86.731,305.18,71,12,3.87,MX,1720733519
331,puerto deseado,-47.7503,-65.8938,277.94,65,27,4.98,AR,1720733520
332,portland,45.5234,-122.6762,303.14,47,20,5.14,US,1720733389
333,manokwari,-0.8667,134.0833,299.23,79,98,2.25,ID,1720733522
334,araripina,-7.5761,-40.4983,295.08,35,69,2.82,BR,1720733524
335,quzhou,28.9594,118.8686,299.62,88,100,1.56,CN,1720733525
336,ha'il,27.5219,41.6907,309.16,9,0,1.03,SA,1720733526
337,kattivakkam,13.2167,80.3167,302.2,95,100,6.24,IN,1720733527
338,inarajan village,13.2736,144.7484,302.23,89,65,5.3,GU,1720733529
339,nova vicosa,-17.8919,-39.3719,296.98,80,1,4.55,BR,1720733530
340,valparaiso,-33.0393,-71.6273,287.28,57,0,2.57,CL,1720733531
341,argo,37.6333,22.7333,302.47,33,1,2.01,GR,1720733532
342,hithadhoo,-0.6,73.0833,301.21,77,10,3.09,MV,1720733534
343,port-gentil,-0.7193,8.7815,296.69,85,100,4.58,GA,1720733535
344,madang,-5.2246,145.7966,298.57,88,100,2.42,PG,1720733536
345,oppdal,62.5943,9.6912,285.74,97,99,1.77,NO,1720733537
346,riosucio,5.4216,-75.7032,295.98,92,77,1.22,CO,1720733539
347,ixtapa-zihuatanejo,17.6333,-101.55,301.2,83,100,1.54,MX,1720733540
348,boa vista,2.8197,-60.6733,299.14,83,75,1.03,BR,1720733541
349,tsirang,27.0219,90.1229,294.46,99,100,0.61,BT,1720733542
350,santa ana de yacuma,-13.75,-65.4333,299.12,53,40,4.12,BO,1720733544
351,guingamp,48.4167,-3.3333,286.11,95,99,1.92,FR,1720733545
352,rosarito,32.3333,-117.0333,303.72,71,41,4.15,MX,1720733546
353,tura,25.5198,90.2201,297.47,100,100,1.64,IN,1720733547
354,kaspiyskiy,45.3929,47.3707,300.83,37,88,1.57,RU,1720733549
355,lerwick,60.1545,-1.1494,284.15,86,92,5.08,GB,1720733550
356,arfoud,31.4348,-4.2375,308.62,8,2,3.76,MA,1720733551
357,quinte west,44.1834,-77.5662,297.26,77,75,0.0,CA,1720733341
358,sao gabriel da cachoeira,-0.1303,-67.0892,304.04,66,40,2.57,BR,1720733553
359,kashmar,35.2383,58.4656,300.47,19,9,1.92,IR,1720733555
360,laguna,38.421,-121.4238,318.45,18,0,2.57,US,1720733556
361,keflavik,64.0049,-22.5624,285.1,100,100,9.77,IS,1720733557
362,piti village,13.4626,144.6933,302.18,90,20,2.57,GU,1720733558
363,cide,41.8921,33.0044,296.46,76,99,2.91,TR,1720733560
364,viqueque,-8.8673,126.3658,293.73,93,76,1.5,TL,1720733561
365,pingdingshan,33.7385,113.3012,296.44,92,71,0.8,CN,1720733562
366,akjoujt,19.6969,-14.4164,304.72,33,27,9.47,MR,1720733563
367,praia da vitoria,38.7333,-27.0667,295.29,73,40,2.25,PT,1720733565
368,bereznik,62.8551,42.7072,284.12,75,9,1.12,RU,1720733566
369,alzamay,55.5562,98.6644,287.37,99,100,3.19,RU,1720733567
370,mao,39.8885,4.2658,297.46,94,0,3.09,ES,1720733568
371,kavaratti,10.5669,72.642,300.04,86,100,7.74,IN,1720733570
372,balabac,7.9868,117.0645,299.23,86,100,5.49,PH,1720733571
373,kenai,60.5544,-151.2583,290.45,54,100,4.63,US,1720733572
374,mahavelona,-17.6848,49.5087,294.14,72,100,4.16,MG,1720733573
375,khorixas,-20.3667,14.9667,287.15,26,0,0.2,NA,1720733574
376,santiago de cao,-7.9589,-79.2392,292.22,77,46,5.14,PE,1720733576
377,pangkalanbuun,-2.6833,111.6167,294.25,100,28,0.86,ID,1720733578
378,tual,-5.6667,132.75,298.42,83,78,9.62,ID,1720733579
379,labuan,5.2767,115.2417,297.35,100,40,0.0,MY,1720733581
380,kerikeri,-35.2268,173.9474,281.99,94,7,2.24,NZ,1720733582
381,mokhsogollokh,61.4681,128.9203,291.39,72,98,0.76,RU,1720733583
382,alfonso,14.1408,120.8539,297.77,96,99,0.57,PH,1720733585
383,maardu,59.4767,25.025,292.15,92,20,2.06,EE,1720733586
384,robore,-18.3333,-59.75,293.2,56,81,0.0,BO,1720733587
385,dapa,9.7594,126.0531,300.45,82,93,3.85,PH,1720733589
386,totness,5.8833,-56.3167,299.63,86,73,4.1,SR,1720733590
387,banff,51.1762,-115.5698,303.72,13,1,3.6,CA,1720733591
388,barakani,-12.1356,44.4317,297.62,73,3,2.5,KM,1720733592
389,chitungwiza,-18.0127,31.0756,284.51,40,4,2.78,ZW,1720733594
390,vyshniy volochek,57.5913,34.5645,288.5,79,72,3.01,RU,1720733595
391,gorele,41.0308,39.0031,296.83,90,21,1.2,TR,1720733596
392,tekman,39.6436,41.5078,287.1,56,61,1.26,TR,1720733597
393,mersing,2.4312,103.8405,298.1,88,20,2.06,MY,1720733599
394,ciudad bolivar,8.1222,-63.5497,303.52,63,99,3.9,VE,1720733600
395,hammerfest,70.6634,23.6821,288.4,82,100,2.57,NO,1720733601
396,al bardiyah,31.7561,25.0865,299.36,78,0,2.0,LY,1720733602
397,uray,60.1247,64.7758,290.0,84,98,3.54,RU,1720733604
398,quarai,-30.3875,-56.4514,282.11,67,85,3.2,BR,1720733605
399,waingapu,-9.6567,120.2641,294.95,86,100,2.95,ID,1720733606
400,rio grande,-32.035,-52.0986,284.21,72,100,6.14,BR,1720733607
401,beidao,34.5686,105.8933,292.78,75,70,0.92,CN,1720733609
402,kapa'a,22.0752,-159.319,301.33,74,40,8.75,US,1720733610
403,pospelikha,51.95,81.7667,290.65,83,23,1.37,RU,1720733611
404,hantsavichy,52.758,26.43,294.01,87,47,2.5,BY,1720733614
405,adigrat,14.277,39.462,290.1,71,87,2.11,ET,1720733615
406,cinisi,38.1562,13.1073,302.38,64,0,1.9,IT,1720733616
407,peringat,6.0333,102.2833,298.12,94,40,1.54,MY,1720733617
408,novodvinsk,64.4165,40.8122,287.01,70,52,1.54,RU,1720733619
409,kirando,-7.4167,30.6,294.6,37,5,3.88,TZ,1720733620
410,aqadyr,48.2553,72.8483,292.64,40,0,4.0,KZ,1720733621
411,mahina,-17.5065,-149.489,300.02,78,75,3.09,PF,1720733622
412,karatuzskoye,53.6072,92.8667,286.04,95,47,1.6,RU,1720733624
413,strezhevoy,60.7333,77.5889,289.47,63,55,1.51,RU,1720733625
414,colchani,-20.3,-66.9333,273.23,30,0,3.19,BO,1720733626
415,selfoss,63.9331,-20.9971,285.4,97,100,7.35,IS,1720733627
416,erenhot,43.6475,111.9767,298.56,44,88,6.4,CN,1720733629
417,villa zempoala,19.45,-96.4167,304.21,67,99,3.29,MX,1720733630
418,mrakovo,52.7161,56.6244,288.51,98,100,2.39,RU,1720733631
419,okhotsk,59.3833,143.3,293.46,56,3,2.99,RU,1720733632
420,prince rupert,54.3161,-130.3201,288.98,74,100,1.54,CA,1720733634
421,ibresi,55.2961,47.0394,284.99,86,0,2.35,RU,1720733635
422,maintirano,-18.0667,44.0167,294.49,85,62,2.74,MG,1720733636
423,dawei,14.0833,98.2,297.6,93,100,0.73,MM,1720733637
424,sharlyk,52.9167,54.75,289.86,85,70,6.85,RU,1720733639
425,port shepstone,-30.7414,30.455,294.33,26,83,3.37,ZA,1720733640
426,agnibilekrou,7.1344,-3.2047,295.15,99,87,2.27,CI,1720733641
427,novofedorivka,46.1713,32.3178,300.66,34,38,3.21,UA,1720733642
428,ruston,32.5232,-92.6379,306.81,39,87,3.3,US,1720733644
429,copala,16.65,-98.9833,303.22,64,59,3.33,MX,1720733645
430,santo antonio do ica,-3.1022,-67.9397,297.98,95,75,1.52,BR,1720733646
431,kabalo,-6.05,26.9167,297.77,30,87,1.83,CD,1720733648
432,zaozersk,69.4005,32.4476,288.11,71,100,4.32,RU,1720733649
433,ciudad acuna,29.3232,-100.9522,309.31,38,0,6.17,MX,1720733586
434,tinajo,29.0788,-13.7081,294.64,78,20,12.35,ES,1720733651
435,debre birhan,9.6833,39.5333,287.16,68,100,0.9,ET,1720733652
436,silifke,36.3778,33.9344,301.96,72,1,1.96,TR,1720733655
437,point pedro,9.8167,80.2333,300.84,84,100,7.35,LK,1720733656
438,tucurui,-3.7661,-49.6725,301.68,57,73,1.86,BR,1720733657
439,seoni malwa,22.45,77.4667,298.93,87,100,5.06,IN,1720733659
440,sturgis,41.7992,-85.4192,301.29,70,32,0.8,US,1720733660
441,bartica,6.4,-58.6167,297.33,94,69,1.73,GY,1720733661
442,vanino,49.0869,140.2543,285.25,95,100,1.09,RU,1720733662
443,zunyi,27.6867,106.9072,296.06,95,100,1.49,CN,1720733664
444,cabedelo,-6.9811,-34.8339,296.52,86,18,7.28,BR,1720733665
445,yukhnov,54.7444,35.2297,288.55,80,46,1.26,RU,1720733666
446,tshabong,-26.05,22.45,286.33,14,10,4.16,BW,1720733667
447,kristiansund,63.1115,7.732,288.18,93,100,1.54,NO,1720733669
448,kayangel,8.0823,134.7173,301.53,74,91,2.3,PW,1720733670
449,labrador city,52.9463,-66.9114,297.14,26,0,17.88,CA,1720733671
450,barra de santo antonio,-9.4047,-35.5072,298.75,85,59,5.36,BR,1720733672
451,kingscliff,-28.2667,153.5667,287.04,82,53,2.06,AU,1720733674
452,shangmei,27.7428,111.2956,297.94,95,95,0.62,CN,1720733675
453,kirensk,57.7853,108.1119,294.48,78,72,0.53,RU,1720733676
454,whistler,50.1164,-122.9695,301.72,28,0,2.06,CA,1720733677
455,dzuunharaa,48.8523,106.4579,290.05,87,51,1.1,MN,1720733679
456,cold lake,54.4502,-110.2017,305.12,31,40,3.6,CA,1720733680
457,arno,60.1167,18.6333,288.59,86,86,3.06,SE,1720733681
458,nchelenge,-9.3451,28.734,291.1,41,6,0.72,ZM,1720733682
459,houlton,46.1262,-67.8403,294.38,95,100,2.06,US,1720733684
460,malango,-2.9627,119.9001,288.85,86,27,1.22,ID,1720733685
461,pangody,65.85,74.4859,291.09,63,32,3.83,RU,1720733686
462,sao miguel do araguaia,-13.275,-50.1628,300.76,27,4,1.79,BR,1720733687
463,syktyvkar,61.6764,50.8099,283.0,76,75,4.0,RU,1720733689
464,canico,32.6333,-16.85,298.55,91,20,2.06,PT,1720733690
465,la rinconada,37.4873,-5.9826,304.78,46,0,4.12,ES,1720733691
466,gasteiz / vitoria,42.85,-2.6667,292.01,83,100,1.54,ES,1720733692
467,newman,37.3138,-121.0208,314.28,6,0,0.92,US,1720733694
468,itoman,26.1247,127.6694,303.2,86,75,6.69,JP,1720733695
469,nenjiang,49.1833,125.2167,294.09,49,43,2.27,CN,1720733696
470,likiep,9.8251,169.3107,301.22,80,100,8.05,MH,1720733697
471,brisas de zicatela,15.8369,-97.0419,303.44,84,40,3.6,MX,1720733699
472,ternate,0.8,127.4,299.68,76,96,4.84,ID,1720733700
473,vila franca do campo,37.7167,-25.4333,294.38,99,100,1.53,PT,1720733701
474,businga,3.3333,20.8833,295.06,97,98,0.93,CD,1720733703
475,aldinga beach,-35.2793,138.4604,284.06,87,33,3.23,AU,1720733704
476,haiku-pauwela,20.9219,-156.3051,301.62,76,40,7.72,US,1720733707
477,opuwo,-18.0607,13.84,287.49,15,0,2.18,NA,1720733708
478,ad dilam,23.9915,47.1627,309.38,13,82,1.34,SA,1720733709
479,oltinko'l,40.8011,72.1634,299.24,31,2,2.16,UZ,1720733711
480,prokop'yevsk,53.9059,86.719,285.93,93,0,1.07,RU,1720733712
481,mutum biyu,8.6333,10.7667,298.11,88,56,3.34,NG,1720733713
482,anori,-3.7728,-61.6442,300.2,79,48,0.86,BR,1720733714
483,hatta,24.1167,79.6,302.91,69,100,4.74,IN,1720733716
484,lethem,3.3803,-59.7968,297.18,100,40,5.14,GY,1720733717
485,arkalyk,50.2486,66.9114,294.72,44,73,6.41,KZ,1720733718
486,taoudenni,22.6783,-3.9836,312.35,8,8,4.52,ML,1720733719
487,ataq,14.5377,46.8319,302.35,48,95,2.53,YE,1720733721
488,san andres,12.5847,-81.7006,298.16,94,20,2.06,CO,1720733722
489,ancud,-41.8697,-73.8203,279.95,85,0,1.54,CL,1720733723
490,port blair,11.6667,92.75,300.95,80,100,6.37,IN,1720733724
491,tindouf,27.6711,-8.1474,313.4,8,0,2.57,DZ,1720733726
492,bodo,67.28,14.405,287.56,93,75,2.57,NO,1720733727
493,alvorada,-12.48,-49.1247,301.3,28,11,2.64,BR,1720733728
494,mount gambier,-37.8333,140.7667,278.97,99,44,3.1,AU,1720733729
495,severo-yeniseyskiy,60.3725,93.0408,286.1,78,100,1.17,RU,1720733731
496,buta,2.7858,24.73,294.77,99,100,1.05,CD,1720733732
497,tsiombe,-25.3,45.4833,290.58,59,0,2.18,MG,1720733733
498,chimore,-16.9833,-65.1333,287.17,86,76,0.82,BO,1720733734
499,kasama,-10.2129,31.1808,283.29,38,1,1.83,ZM,1720733736
500,mayqayyng,51.4625,75.7986,294.95,56,26,2.49,KZ,1720733737
501,cam ranh,11.9214,109.1591,300.13,83,20,2.06,VN,1720733738
502,bahia blanca,-38.7196,-62.2724,278.84,77,83,0.13,AR,1720733739
503,lorengau,-2.0226,147.2712,298.67,90,100,0.51,PG,1720733741
504,darwin,-12.4611,130.8418,292.14,88,0,1.54,AU,1720733742
505,monroe,43.1501,-77.6831,296.12,83,100,2.04,US,1720733743
506,qarazhal,48.0078,70.7903,295.6,41,18,5.29,KZ,1720733744
507,sao martinho,39.5144,-9.1311,293.2,94,0,2.68,PT,1720733745
508,padang,-0.9492,100.3543,297.18,86,68,2.17,ID,1720733747
509,guelmim,28.987,-10.0574,294.34,83,20,2.57,MA,1720733749
510,kittila,67.6647,24.8936,287.93,100,100,3.6,FI,1720733751
511,sungailiat,-1.85,106.1333,298.61,87,17,4.39,ID,1720733752
512,federal,-30.9547,-58.7833,278.66,72,9,2.85,AR,1720733753
513,thinadhoo,0.5333,72.9333,301.32,74,4,1.94,MV,1720733754
514,as sulayyil,20.4607,45.5779,310.29,14,97,2.1,SA,1720733756
515,lom sak,16.7798,101.2422,297.13,95,97,2.71,TH,1720733757
516,the pas,53.8251,-101.2541,306.16,38,0,2.06,CA,1720733758
517,pilcaya,18.7333,-99.6833,299.73,77,83,1.29,MX,1720733759
518,ikere-ekiti,7.4913,5.2322,294.98,98,100,1.96,NG,1720733760
519,gallipoli,40.4103,26.6708,298.07,80,60,2.31,TR,1720733762
520,zabol,32.25,67.25,296.67,17,0,4.73,AF,1720733763
521,nelson bay,-32.7167,152.15,282.59,79,100,2.68,AU,1720733764
522,yeppoon,-23.1333,150.7333,286.07,76,0,1.84,AU,1720733766
523,beloomut,54.9448,39.3394,288.29,69,11,2.2,RU,1720733767
524,aljezur,37.3191,-8.8033,292.14,87,6,5.4,PT,1720733768
525,rezh,57.37,61.4043,288.51,97,95,3.2,RU,1720733769
526,nyala,12.05,24.8833,298.04,75,84,4.12,SD,1720733771
527,turka,49.1541,23.0297,291.55,92,100,1.77,UA,1720733772
528,ust'-kulom,61.6864,53.6902,282.26,75,26,3.26,RU,1720733773
529,mukalla,14.5425,49.1242,303.4,70,100,3.45,YE,1720733774
530,saint-philippe,-21.3585,55.7679,292.92,86,47,6.36,RE,1720733777
531,melekeok village,7.4957,134.6367,298.46,88,100,0.0,PW,1720733778
532,kone,-21.0595,164.8658,298.23,68,39,2.15,NC,1720733780
533,fale old settlement,-9.3852,-171.2468,301.14,77,16,6.0,TK,1720733781
534,curumani,9.1999,-73.5427,303.68,77,100,1.68,CO,1720733782
535,moyynkum,44.2914,72.9469,296.67,51,66,4.88,KZ,1720733785
536,el calafate,-50.3408,-72.2768,277.27,67,73,4.56,AR,1720733786
537,la reforma,25.0833,-108.05,303.95,60,0,5.33,MX,1720733787
538,thunder bay,48.4001,-89.3168,298.14,57,20,4.12,CA,1720733788
539,chabahar,25.2919,60.643,302.32,85,100,3.93,IR,1720733789
540,bata,1.8639,9.7658,297.89,85,100,4.27,GQ,1720733791
541,twin falls,42.3505,-114.6445,308.34,16,0,4.63,US,1720733792
542,ar ruseris,11.8659,34.3869,299.87,73,95,2.55,SD,1720733793
543,fiambala,-27.6871,-67.6149,277.3,40,0,4.83,AR,1720733794
544,santana,-0.0583,-51.1817,300.25,89,40,2.57,BR,1720733796
545,paraiso,9.8383,-83.8656,294.24,100,100,1.92,CR,1720733797
546,al jawf,29.5,38.75,304.39,19,96,3.26,SA,1720733798
547,deogarh,21.5333,84.7333,300.72,77,100,1.02,IN,1720733799
548,sausar,21.65,78.7833,299.17,87,100,2.6,IN,1720733801
549,yangambi,0.8102,24.4336,295.94,93,100,1.09,CD,1720733802
550,zapadnaya dvina,56.259,32.0745,289.04,82,12,2.72,RU,1720733803
551,puerto baquerizo moreno,-0.9,-89.6,298.7,65,40,6.69,EC,1720733804
552,yurga,55.7231,84.8861,285.46,85,58,1.18,RU,1720733808
553,antsohihy,-14.8796,47.9875,294.24,62,4,4.25,MG,1720733809
554,laojunmiao,39.8333,97.7333,291.45,45,72,1.59,CN,1720733811
555,bashmakovo,53.2133,43.0342,288.25,64,44,3.11,RU,1720733813
556,anton lizardo,19.05,-95.9833,304.38,70,99,4.77,MX,1720733815
557,plainville,41.6745,-72.8582,304.21,61,40,7.72,US,1720733816
558,benghazi,32.1167,20.0667,299.9,75,0,7.84,LY,1720733817
559,mthatha,-31.5889,28.7844,284.46,35,100,1.03,ZA,1720733818
560,plastun,44.7561,136.2939,287.02,98,100,1.23,RU,1720733820
561,tomatlan,19.9333,-105.25,301.23,80,100,1.37,MX,1720733821
562,torghay,49.6339,63.4981,297.84,45,100,2.47,KZ,1720733822
563,urumqi,43.801,87.6005,295.68,46,0,0.0,CN,1720733823
564,buriti alegre,-18.14,-49.0403,296.4,33,83,0.76,BR,1720733826
565,malabar,-33.9667,151.25,283.03,86,0,4.63,AU,1720733827
566,shingu,33.7333,135.9833,297.1,94,100,2.88,JP,1720733828
567,figuig (centre),32.1089,-1.2286,308.37,8,64,4.1,MA,1720733829
568,jiuquan,39.7432,98.5174,295.12,32,81,2.13,CN,1720733831
569,vesoul,47.5833,5.8333,293.19,93,78,0.5,FR,1720733832
570,khairpur nathan shah,27.0936,67.7337,308.46,46,67,7.87,PK,1720733833
571,istgah-e rah ahan-e garmsar,35.2346,52.3094,304.42,31,7,2.52,IR,1720733835
572,kidal,18.4411,1.4078,308.44,10,89,2.67,ML,1720733836
573,dryden,49.7833,-92.7503,302.31,42,0,6.69,CA,1720733837
574,cacu,-18.5567,-51.1308,298.54,36,7,1.86,BR,1720733838
575,guarapari,-20.6667,-40.4975,298.09,86,0,5.8,BR,1720733840
576,jiagedaqi,50.4167,124.1167,292.14,62,7,1.68,CN,1720733841
577,arvayheer,46.2639,102.775,286.16,79,26,4.05,MN,1720733842
578,san juan de miraflores,-12.1629,-76.9635,290.47,88,52,2.74,PE,1720733843
579,darovskoy,58.77,47.9564,284.12,89,1,2.59,RU,1720733845
580,rantepao,-2.9701,119.8978,288.85,86,27,1.22,ID,1720733846
581,uvira,-3.4067,29.1458,295.22,62,26,0.9,CD,1720733847
582,parnarama,-5.6817,-43.0933,299.01,59,45,0.61,BR,1720733848
583,acapulco de juarez,16.8634,-99.8901,304.05,66,75,4.63,MX,1720733849
584,progreso,21.2833,-89.6667,308.21,89,12,6.65,MX,1720733851
585,chunskiy,56.0815,99.6342,287.55,96,100,3.62,RU,1720733852
586,sing buri,14.85,100.2333,301.53,86,100,4.53,TH,1720733853
587,balkanabat,39.5108,54.3671,304.58,34,2,0.95,TM,1720733854
588,upi,7.0258,124.1667,294.8,92,100,1.77,PH,1720733856
589,ambalangoda,6.2355,80.0538,300.23,83,99,4.85,LK,1720733857
590,west plains,36.7281,-91.8524,305.61,54,0,3.13,US,1720733858
